Approval,Date,Value
Approve,2011-02-09,0.3
Disapprove,2011-02-09,0.55
Don't know,2011-02-09,0.15
Approve,2011-02-16,0.3
Disapprove,2011-02-16,0.55
Don't know,2011-02-16,0.15
Approve,2011-02-23,0.3
Disapprove,2011-02-23,0.54
Don't know,2011-02-23,0.15
Approve,2011-03-02,0.3
Disapprove,2011-03-02,0.55
Don't know,2011-03-02,0.15
Approve,2011-03-09,0.29
Disapprove,2011-03-09,0.57
Don't know,2011-03-09,0.14
Approve,2011-03-16,0.29
Disapprove,2011-03-16,0.57
Don't know,2011-03-16,0.15
Approve,2011-03-23,0.31
Disapprove,2011-03-23,0.55
Don't know,2011-03-23,0.15
Approve,2011-03-30,0.32
Disapprove,2011-03-30,0.54
Don't know,2011-03-30,0.14
Approve,2011-04-06,0.31
Disapprove,2011-04-06,0.55
Don't know,2011-04-06,0.14
Approve,2011-04-13,0.31
Disapprove,2011-04-13,0.55
Don't know,2011-04-13,0.14
Approve,2011-04-20,0.3
Disapprove,2011-04-20,0.54
Don't know,2011-04-20,0.15
Approve,2011-04-27,0.32
Disapprove,2011-04-27,0.55
Don't know,2011-04-27,0.14
Approve,2011-05-03,0.32
Disapprove,2011-05-03,0.53
Don't know,2011-05-03,0.15
Approve,2011-05-11,0.33
Disapprove,2011-05-11,0.54
Don't know,2011-05-11,0.13
Approve,2011-05-18,0.33
Disapprove,2011-05-18,0.54
Don't know,2011-05-18,0.13
Approve,2011-05-25,0.32
Disapprove,2011-05-25,0.54
Don't know,2011-05-25,0.15
Approve,2011-06-01,0.33
Disapprove,2011-06-01,0.53
Don't know,2011-06-01,0.15
Approve,2011-06-08,0.31
Disapprove,2011-06-08,0.54
Don't know,2011-06-08,0.15
Approve,2011-06-15,0.3
Disapprove,2011-06-15,0.55
Don't know,2011-06-15,0.14
Approve,2011-06-22,0.3
Disapprove,2011-06-22,0.55
Don't know,2011-06-22,0.15
Approve,2011-06-29,0.3
Disapprove,2011-06-29,0.56
Don't know,2011-06-29,0.14
Approve,2011-07-06,0.29
Disapprove,2011-07-06,0.57
Don't know,2011-07-06,0.14
Approve,2011-07-12,0.29
Disapprove,2011-07-12,0.57
Don't know,2011-07-12,0.15
Approve,2011-07-20,0.29
Disapprove,2011-07-20,0.56
Don't know,2011-07-20,0.15
Approve,2011-07-27,0.29
Disapprove,2011-07-27,0.56
Don't know,2011-07-27,0.15
Approve,2011-08-03,0.3
Disapprove,2011-08-03,0.56
Don't know,2011-08-03,0.15
Approve,2011-08-10,0.29
Disapprove,2011-08-10,0.56
Don't know,2011-08-10,0.15
Approve,2011-08-17,0.29
Disapprove,2011-08-17,0.57
Don't know,2011-08-17,0.14
Approve,2011-08-24,0.29
Disapprove,2011-08-24,0.56
Don't know,2011-08-24,0.14
Approve,2011-08-31,0.3
Disapprove,2011-08-31,0.55
Don't know,2011-08-31,0.15
Approve,2011-09-07,0.3
Disapprove,2011-09-07,0.55
Don't know,2011-09-07,0.15
Approve,2011-09-14,0.3
Disapprove,2011-09-14,0.55
Don't know,2011-09-14,0.15
Approve,2011-09-21,0.3
Disapprove,2011-09-21,0.55
Don't know,2011-09-21,0.15
Approve,2011-09-28,0.3
Disapprove,2011-09-28,0.55
Don't know,2011-09-28,0.15
Approve,2011-10-05,0.31
Disapprove,2011-10-05,0.55
Don't know,2011-10-05,0.14
Approve,2011-10-12,0.3
Disapprove,2011-10-12,0.55
Don't know,2011-10-12,0.15
Approve,2011-10-19,0.29
Disapprove,2011-10-19,0.56
Don't know,2011-10-19,0.16
Approve,2011-10-26,0.28
Disapprove,2011-10-26,0.57
Don't know,2011-10-26,0.15
Approve,2011-11-02,0.29
Disapprove,2011-11-02,0.56
Don't know,2011-11-02,0.15
Approve,2011-11-09,0.28
Disapprove,2011-11-09,0.56
Don't know,2011-11-09,0.16
Approve,2011-11-16,0.28
Disapprove,2011-11-16,0.57
Don't know,2011-11-16,0.15
Approve,2011-11-23,0.28
Disapprove,2011-11-23,0.57
Don't know,2011-11-23,0.15
Approve,2011-11-30,0.28
Disapprove,2011-11-30,0.56
Don't know,2011-11-30,0.15
Approve,2011-12-07,0.29
Disapprove,2011-12-07,0.57
Don't know,2011-12-07,0.14
Approve,2011-12-14,0.32
Disapprove,2011-12-14,0.53
Don't know,2011-12-14,0.16
Approve,2011-12-21,0.32
Disapprove,2011-12-21,0.53
Don't know,2011-12-21,0.15
Approve,2011-12-22,0.31
Disapprove,2011-12-22,0.54
Don't know,2011-12-22,0.15
Approve,2012-01-04,0.32
Disapprove,2012-01-04,0.51
Don't know,2012-01-04,0.16
Approve,2012-01-11,0.33
Disapprove,2012-01-11,0.52
Don't know,2012-01-11,0.15
Approve,2012-01-18,0.32
Disapprove,2012-01-18,0.53
Don't know,2012-01-18,0.16
Approve,2012-01-24,0.32
Disapprove,2012-01-24,0.53
Don't know,2012-01-24,0.15
Approve,2012-02-01,0.33
Disapprove,2012-02-01,0.52
Don't know,2012-02-01,0.15
Approve,2012-02-08,0.31
Disapprove,2012-02-08,0.54
Don't know,2012-02-08,0.15
Approve,2012-02-15,0.31
Disapprove,2012-02-15,0.53
Don't know,2012-02-15,0.16
Approve,2012-02-22,0.3
Disapprove,2012-02-22,0.55
Don't know,2012-02-22,0.15
Approve,2012-02-29,0.31
Disapprove,2012-02-29,0.53
Don't know,2012-02-29,0.16
Approve,2012-03-07,0.3
Disapprove,2012-03-07,0.56
Don't know,2012-03-07,0.14
Approve,2012-03-14,0.29
Disapprove,2012-03-14,0.55
Don't know,2012-03-14,0.16
Approve,2012-03-21,0.29
Disapprove,2012-03-21,0.56
Don't know,2012-03-21,0.15
Approve,2012-03-28,0.27
Disapprove,2012-03-28,0.59
Don't know,2012-03-28,0.15
Approve,2012-04-04,0.23
Disapprove,2012-04-04,0.63
Don't know,2012-04-04,0.14
Approve,2012-04-11,0.26
Disapprove,2012-04-11,0.6
Don't know,2012-04-11,0.14
Approve,2012-04-18,0.24
Disapprove,2012-04-18,0.61
Don't know,2012-04-18,0.15
Approve,2012-04-25,0.23
Disapprove,2012-04-25,0.63
Don't know,2012-04-25,0.14
Approve,2012-05-02,0.23
Disapprove,2012-05-02,0.62
Don't know,2012-05-02,0.14
Approve,2012-05-09,0.23
Disapprove,2012-05-09,0.63
Don't know,2012-05-09,0.14
Approve,2012-05-16,0.24
Disapprove,2012-05-16,0.62
Don't know,2012-05-16,0.14
Approve,2012-05-23,0.24
Disapprove,2012-05-23,0.61
Don't know,2012-05-23,0.15
Approve,2012-05-30,0.24
Disapprove,2012-05-30,0.62
Don't know,2012-05-30,0.14
Approve,2012-06-06,0.25
Disapprove,2012-06-06,0.61
Don't know,2012-06-06,0.14
Approve,2012-06-13,0.24
Disapprove,2012-06-13,0.61
Don't know,2012-06-13,0.15
Approve,2012-06-20,0.24
Disapprove,2012-06-20,0.61
Don't know,2012-06-20,0.15
Approve,2012-06-27,0.26
Disapprove,2012-06-27,0.6
Don't know,2012-06-27,0.14
Approve,2012-07-04,0.24
Disapprove,2012-07-04,0.61
Don't know,2012-07-04,0.15
Approve,2012-07-11,0.25
Disapprove,2012-07-11,0.6
Don't know,2012-07-11,0.15
Approve,2012-07-18,0.24
Disapprove,2012-07-18,0.61
Don't know,2012-07-18,0.15
Approve,2012-07-25,0.24
Disapprove,2012-07-25,0.61
Don't know,2012-07-25,0.15
Approve,2012-08-01,0.25
Disapprove,2012-08-01,0.6
Don't know,2012-08-01,0.15
Approve,2012-08-08,0.24
Disapprove,2012-08-08,0.61
Don't know,2012-08-08,0.15
Approve,2012-08-15,0.25
Disapprove,2012-08-15,0.6
Don't know,2012-08-15,0.15
Approve,2012-08-21,0.24
Disapprove,2012-08-21,0.6
Don't know,2012-08-21,0.16
Approve,2012-08-29,0.23
Disapprove,2012-08-29,0.61
Don't know,2012-08-29,0.15
Approve,2012-09-05,0.23
Disapprove,2012-09-05,0.62
Don't know,2012-09-05,0.15
Approve,2012-09-12,0.23
Disapprove,2012-09-12,0.62
Don't know,2012-09-12,0.15
Approve,2012-09-19,0.25
Disapprove,2012-09-19,0.6
Don't know,2012-09-19,0.15
Approve,2012-09-26,0.24
Disapprove,2012-09-26,0.61
Don't know,2012-09-26,0.15
Approve,2012-10-03,0.24
Disapprove,2012-10-03,0.6
Don't know,2012-10-03,0.16
Approve,2012-10-10,0.25
Disapprove,2012-10-10,0.6
Don't know,2012-10-10,0.15
Approve,2012-10-17,0.26
Disapprove,2012-10-17,0.6
Don't know,2012-10-17,0.15
Approve,2012-10-24,0.25
Disapprove,2012-10-24,0.6
Don't know,2012-10-24,0.15
Approve,2012-10-31,0.27
Disapprove,2012-10-31,0.58
Don't know,2012-10-31,0.15
Approve,2012-11-06,0.27
Disapprove,2012-11-06,0.58
Don't know,2012-11-06,0.15
Approve,2012-11-14,0.27
Disapprove,2012-11-14,0.58
Don't know,2012-11-14,0.15
Approve,2012-11-21,0.26
Disapprove,2012-11-21,0.59
Don't know,2012-11-21,0.15
Approve,2012-11-28,0.26
Disapprove,2012-11-28,0.59
Don't know,2012-11-28,0.15
Approve,2012-12-05,0.26
Disapprove,2012-12-05,0.59
Don't know,2012-12-05,0.15
Approve,2012-12-12,0.26
Disapprove,2012-12-12,0.59
Don't know,2012-12-12,0.15
Approve,2012-12-19,0.26
Disapprove,2012-12-19,0.59
Don't know,2012-12-19,0.15
Approve,2012-12-21,0.26
Disapprove,2012-12-21,0.58
Don't know,2012-12-21,0.16
Approve,2013-01-02,0.25
Disapprove,2013-01-02,0.6
Don't know,2013-01-02,0.15
Approve,2013-01-09,0.26
Disapprove,2013-01-09,0.57
Don't know,2013-01-09,0.17
Approve,2013-01-15,0.27
Disapprove,2013-01-15,0.59
Don't know,2013-01-15,0.14
Approve,2013-01-23,0.27
Disapprove,2013-01-23,0.57
Don't know,2013-01-23,0.16
Approve,2013-01-30,0.27
Disapprove,2013-01-30,0.57
Don't know,2013-01-30,0.15
Approve,2013-02-06,0.26
Disapprove,2013-02-06,0.59
Don't know,2013-02-06,0.15
Approve,2013-02-12,0.26
Disapprove,2013-02-12,0.59
Don't know,2013-02-12,0.15
Approve,2013-02-20,0.25
Disapprove,2013-02-20,0.59
Don't know,2013-02-20,0.15
Approve,2013-02-27,0.25
Disapprove,2013-02-27,0.6
Don't know,2013-02-27,0.15
Approve,2013-03-06,0.24
Disapprove,2013-03-06,0.6
Don't know,2013-03-06,0.16
Approve,2013-03-12,0.24
Disapprove,2013-03-12,0.62
Don't know,2013-03-12,0.14
Approve,2013-03-20,0.24
Disapprove,2013-03-20,0.6
Don't know,2013-03-20,0.16
Approve,2013-03-27,0.24
Disapprove,2013-03-27,0.6
Don't know,2013-03-27,0.15
Approve,2013-04-03,0.25
Disapprove,2013-04-03,0.59
Don't know,2013-04-03,0.16
Approve,2013-04-09,0.26
Disapprove,2013-04-09,0.6
Don't know,2013-04-09,0.14
Approve,2013-04-16,0.27
Disapprove,2013-04-16,0.58
Don't know,2013-04-16,0.15
Approve,2013-04-24,0.27
Disapprove,2013-04-24,0.57
Don't know,2013-04-24,0.15
Approve,2013-04-30,0.27
Disapprove,2013-04-30,0.58
Don't know,2013-04-30,0.15
Approve,2013-05-08,0.25
Disapprove,2013-05-08,0.6
Don't know,2013-05-08,0.15
Approve,2013-05-15,0.25
Disapprove,2013-05-15,0.59
Don't know,2013-05-15,0.16
Approve,2013-05-22,0.24
Disapprove,2013-05-22,0.61
Don't know,2013-05-22,0.15
Approve,2013-05-29,0.25
Disapprove,2013-05-29,0.6
Don't know,2013-05-29,0.15
Approve,2013-06-05,0.25
Disapprove,2013-06-05,0.6
Don't know,2013-06-05,0.15
Approve,2013-06-12,0.25
Disapprove,2013-06-12,0.59
Don't know,2013-06-12,0.16
Approve,2013-06-19,0.25
Disapprove,2013-06-19,0.59
Don't know,2013-06-19,0.15
Approve,2013-06-26,0.26
Disapprove,2013-06-26,0.58
Don't know,2013-06-26,0.16
Approve,2013-07-03,0.26
Disapprove,2013-07-03,0.58
Don't know,2013-07-03,0.16
Approve,2013-07-10,0.27
Disapprove,2013-07-10,0.58
Don't know,2013-07-10,0.15
Approve,2013-07-16,0.27
Disapprove,2013-07-16,0.57
Don't know,2013-07-16,0.16
Approve,2013-07-24,0.28
Disapprove,2013-07-24,0.57
Don't know,2013-07-24,0.15
Approve,2013-07-30,0.29
Disapprove,2013-07-30,0.57
Don't know,2013-07-30,0.15
Approve,2013-08-07,0.28
Disapprove,2013-08-07,0.56
Don't know,2013-08-07,0.16
Approve,2013-08-14,0.28
Disapprove,2013-08-14,0.56
Don't know,2013-08-14,0.16
Approve,2013-08-21,0.28
Disapprove,2013-08-21,0.57
Don't know,2013-08-21,0.15
Approve,2013-08-28,0.28
Disapprove,2013-08-28,0.57
Don't know,2013-08-28,0.15
Approve,2013-09-04,0.28
Disapprove,2013-09-04,0.56
Don't know,2013-09-04,0.15
Approve,2013-09-11,0.28
Disapprove,2013-09-11,0.57
Don't know,2013-09-11,0.16
Approve,2013-09-18,0.3
Disapprove,2013-09-18,0.54
Don't know,2013-09-18,0.15
Approve,2013-09-23,0.29
Disapprove,2013-09-23,0.57
Don't know,2013-09-23,0.14
Approve,2013-10-02,0.3
Disapprove,2013-10-02,0.55
Don't know,2013-10-02,0.15
Approve,2013-10-09,0.32
Disapprove,2013-10-09,0.54
Don't know,2013-10-09,0.14
Approve,2013-10-16,0.31
Disapprove,2013-10-16,0.54
Don't know,2013-10-16,0.15
Approve,2013-10-23,0.29
Disapprove,2013-10-23,0.57
Don't know,2013-10-23,0.14
Approve,2013-10-30,0.28
Disapprove,2013-10-30,0.57
Don't know,2013-10-30,0.15
Approve,2013-11-06,0.28
Disapprove,2013-11-06,0.55
Don't know,2013-11-06,0.16
Approve,2013-11-12,0.28
Disapprove,2013-11-12,0.57
Don't know,2013-11-12,0.15
Approve,2013-11-20,0.29
Disapprove,2013-11-20,0.56
Don't know,2013-11-20,0.15
Approve,2013-11-27,0.29
Disapprove,2013-11-27,0.56
Don't know,2013-11-27,0.15
Approve,2013-12-04,0.28
Disapprove,2013-12-04,0.56
Don't know,2013-12-04,0.16
Approve,2013-12-10,0.29
Disapprove,2013-12-10,0.55
Don't know,2013-12-10,0.16
Approve,2013-12-12,0.32
Disapprove,2013-12-12,0.53
Don't know,2013-12-12,0.15
Approve,2013-12-19,0.3
Disapprove,2013-12-19,0.55
Don't know,2013-12-19,0.15
Approve,2014-01-08,0.29
Disapprove,2014-01-08,0.56
Don't know,2014-01-08,0.15
Approve,2014-01-15,0.29
Disapprove,2014-01-15,0.55
Don't know,2014-01-15,0.16
Approve,2014-01-22,0.29
Disapprove,2014-01-22,0.56
Don't know,2014-01-22,0.15
Approve,2014-01-29,0.31
Disapprove,2014-01-29,0.53
Don't know,2014-01-29,0.15
Approve,2014-01-30,0.32
Disapprove,2014-01-30,0.53
Don't know,2014-01-30,0.15
Approve,2014-02-12,0.3
Disapprove,2014-02-12,0.55
Don't know,2014-02-12,0.15
Approve,2014-02-18,0.3
Disapprove,2014-02-18,0.55
Don't know,2014-02-18,0.15
Approve,2014-02-26,0.31
Disapprove,2014-02-26,0.56
Don't know,2014-02-26,0.13
Approve,2014-03-05,0.32
Disapprove,2014-03-05,0.55
Don't know,2014-03-05,0.14
Approve,2014-03-12,0.31
Disapprove,2014-03-12,0.54
Don't know,2014-03-12,0.15
Approve,2014-03-19,0.31
Disapprove,2014-03-19,0.54
Don't know,2014-03-19,0.15
Approve,2014-03-26,0.34
Disapprove,2014-03-26,0.51
Don't know,2014-03-26,0.15
Approve,2014-04-02,0.33
Disapprove,2014-04-02,0.53
Don't know,2014-04-02,0.15
Approve,2014-04-09,0.32
Disapprove,2014-04-09,0.53
Don't know,2014-04-09,0.15
Approve,2014-04-16,0.32
Disapprove,2014-04-16,0.53
Don't know,2014-04-16,0.15
Approve,2014-04-23,0.33
Disapprove,2014-04-23,0.52
Don't know,2014-04-23,0.15
Approve,2014-04-30,0.32
Disapprove,2014-04-30,0.53
Don't know,2014-04-30,0.15
Approve,2014-05-07,0.32
Disapprove,2014-05-07,0.52
Don't know,2014-05-07,0.16
Approve,2014-05-14,0.32
Disapprove,2014-05-14,0.53
Don't know,2014-05-14,0.15
Approve,2014-05-21,0.32
Disapprove,2014-05-21,0.54
Don't know,2014-05-21,0.14
Approve,2014-05-28,0.31
Disapprove,2014-05-28,0.55
Don't know,2014-05-28,0.14
Approve,2014-06-04,0.32
Disapprove,2014-06-04,0.53
Don't know,2014-06-04,0.15
Approve,2014-06-11,0.31
Disapprove,2014-06-11,0.54
Don't know,2014-06-11,0.14
Approve,2014-06-18,0.33
Disapprove,2014-06-18,0.52
Don't know,2014-06-18,0.15
Approve,2014-06-25,0.31
Disapprove,2014-06-25,0.54
Don't know,2014-06-25,0.15
Approve,2014-07-01,0.31
Disapprove,2014-07-01,0.54
Don't know,2014-07-01,0.16
Approve,2014-07-09,0.31
Disapprove,2014-07-09,0.52
Don't know,2014-07-09,0.16
Approve,2014-07-16,0.31
Disapprove,2014-07-16,0.53
Don't know,2014-07-16,0.16
Approve,2014-07-23,0.3
Disapprove,2014-07-23,0.54
Don't know,2014-07-23,0.15
Approve,2014-07-30,0.32
Disapprove,2014-07-30,0.52
Don't know,2014-07-30,0.16
Approve,2014-08-04,0.32
Disapprove,2014-08-04,0.53
Don't know,2014-08-04,0.16
Approve,2014-08-12,0.32
Disapprove,2014-08-12,0.52
Don't know,2014-08-12,0.16
Approve,2014-08-20,0.31
Disapprove,2014-08-20,0.52
Don't know,2014-08-20,0.16
Approve,2014-08-27,0.31
Disapprove,2014-08-27,0.54
Don't know,2014-08-27,0.15
Approve,2014-09-03,0.3
Disapprove,2014-09-03,0.54
Don't know,2014-09-03,0.16
Approve,2014-09-10,0.31
Disapprove,2014-09-10,0.55
Don't know,2014-09-10,0.15
Approve,2014-09-17,0.31
Disapprove,2014-09-17,0.55
Don't know,2014-09-17,0.15
Approve,2014-09-24,0.31
Disapprove,2014-09-24,0.54
Don't know,2014-09-24,0.15
Approve,2014-10-01,0.31
Disapprove,2014-10-01,0.55
Don't know,2014-10-01,0.14
Approve,2014-10-08,0.33
Disapprove,2014-10-08,0.54
Don't know,2014-10-08,0.13
Approve,2014-10-15,0.31
Disapprove,2014-10-15,0.55
Don't know,2014-10-15,0.14
Approve,2014-10-22,0.31
Disapprove,2014-10-22,0.54
Don't know,2014-10-22,0.15
Approve,2014-10-29,0.31
Disapprove,2014-10-29,0.54
Don't know,2014-10-29,0.14
Approve,2014-11-05,0.31
Disapprove,2014-11-05,0.54
Don't know,2014-11-05,0.15
Approve,2014-11-12,0.31
Disapprove,2014-11-12,0.55
Don't know,2014-11-12,0.15
Approve,2014-11-19,0.31
Disapprove,2014-11-19,0.53
Don't know,2014-11-19,0.15
Approve,2014-11-26,0.31
Disapprove,2014-11-26,0.55
Don't know,2014-11-26,0.13
Approve,2014-12-03,0.31
Disapprove,2014-12-03,0.55
Don't know,2014-12-03,0.15
Approve,2014-12-09,0.31
Disapprove,2014-12-09,0.55
Don't know,2014-12-09,0.14
Approve,2014-12-17,0.31
Disapprove,2014-12-17,0.54
Don't know,2014-12-17,0.15
Approve,2014-12-22,0.31
Disapprove,2014-12-22,0.54
Don't know,2014-12-22,0.15
Approve,2015-01-07,0.32
Disapprove,2015-01-07,0.53
Don't know,2015-01-07,0.15
Approve,2015-01-14,0.31
Disapprove,2015-01-14,0.54
Don't know,2015-01-14,0.15
Approve,2015-01-21,0.32
Disapprove,2015-01-21,0.53
Don't know,2015-01-21,0.15
Approve,2015-01-28,0.33
Disapprove,2015-01-28,0.53
Don't know,2015-01-28,0.14
Approve,2015-02-04,0.33
Disapprove,2015-02-04,0.52
Don't know,2015-02-04,0.16
Approve,2015-02-11,0.32
Disapprove,2015-02-11,0.53
Don't know,2015-02-11,0.15
Approve,2015-02-18,0.32
Disapprove,2015-02-18,0.53
Don't know,2015-02-18,0.15
Approve,2015-02-24,0.33
Disapprove,2015-02-24,0.52
Don't know,2015-02-24,0.14
Approve,2015-03-04,0.33
Disapprove,2015-03-04,0.53
Don't know,2015-03-04,0.14
Approve,2015-03-11,0.34
Disapprove,2015-03-11,0.51
Don't know,2015-03-11,0.15
Approve,2015-03-18,0.34
Disapprove,2015-03-18,0.51
Don't know,2015-03-18,0.16
Approve,2015-03-25,0.37
Disapprove,2015-03-25,0.49
Don't know,2015-03-25,0.15
Approve,2015-04-01,0.36
Disapprove,2015-04-01,0.49
Don't know,2015-04-01,0.15
Approve,2015-04-08,0.37
Disapprove,2015-04-08,0.49
Don't know,2015-04-08,0.14
Approve,2015-04-15,0.37
Disapprove,2015-04-15,0.5
Don't know,2015-04-15,0.13
Approve,2015-04-21,0.37
Disapprove,2015-04-21,0.5
Don't know,2015-04-21,0.13
Approve,2015-04-28,0.37
Disapprove,2015-04-28,0.5
Don't know,2015-04-28,0.13
Approve,2015-05-05,0.38
Disapprove,2015-05-05,0.49
Don't know,2015-05-05,0.13
Approve,2015-05-13,0.41
Disapprove,2015-05-13,0.45
Don't know,2015-05-13,0.14
Approve,2015-05-18,0.4
Disapprove,2015-05-18,0.44
Don't know,2015-05-18,0.15
Approve,2015-05-26,0.41
Disapprove,2015-05-26,0.45
Don't know,2015-05-26,0.14
Approve,2015-06-02,0.4
Disapprove,2015-06-02,0.45
Don't know,2015-06-02,0.16
Approve,2015-06-10,0.4
Disapprove,2015-06-10,0.44
Don't know,2015-06-10,0.16
Approve,2015-06-16,0.4
Disapprove,2015-06-16,0.43
Don't know,2015-06-16,0.17
Approve,2015-06-24,0.4
Disapprove,2015-06-24,0.44
Don't know,2015-06-24,0.16
Approve,2015-07-01,0.39
Disapprove,2015-07-01,0.46
Don't know,2015-07-01,0.15
Approve,2015-07-07,0.37
Disapprove,2015-07-07,0.47
Don't know,2015-07-07,0.15
Approve,2015-07-13,0.4
Disapprove,2015-07-13,0.44
Don't know,2015-07-13,0.16
Approve,2015-08-24,0.37
Disapprove,2015-08-24,0.49
Don't know,2015-08-24,0.15
Approve,2015-09-18,0.37
Disapprove,2015-09-18,0.5
Don't know,2015-09-18,0.13
Approve,2015-10-26,0.35
Disapprove,2015-10-26,0.5
Don't know,2015-10-26,0.15
Approve,2015-11-23,0.32
Disapprove,2015-11-23,0.53
Don't know,2015-11-23,0.15
Approve,2015-12-23,0.32
Disapprove,2015-12-23,0.5
Don't know,2015-12-23,0.18
Approve,2016-01-25,0.33
Disapprove,2016-01-25,0.51
Don't know,2016-01-25,0.16
Approve,2016-02-23,0.29
Disapprove,2016-02-23,0.52
Don't know,2016-02-23,0.19
Approve,2016-03-21,0.22
Disapprove,2016-03-21,0.58
Don't know,2016-03-21,0.2
Approve,2016-04-25,0.22
Disapprove,2016-04-25,0.55
Don't know,2016-04-25,0.23
Approve,2016-05-02,0.24
Disapprove,2016-05-02,0.58
Don't know,2016-05-02,0.18
Approve,2016-05-20,0.24
Disapprove,2016-05-20,0.56
Don't know,2016-05-20,0.2
Approve,2016-06-05,0.18
Disapprove,2016-06-05,0.61
Don't know,2016-06-05,0.21
Approve,2016-07-04,0.22
Disapprove,2016-07-04,0.57
Don't know,2016-07-04,0.21
Approve,2016-07-22,0.27
Disapprove,2016-07-22,0.48
Don't know,2016-07-22,0.25
Approve,2016-09-01,0.26
Disapprove,2016-09-01,0.46
Don't know,2016-09-01,0.27
Approve,2016-09-19,0.25
Disapprove,2016-09-19,0.49
Don't know,2016-09-19,0.25
Approve,2016-10-24,0.29
Disapprove,2016-10-24,0.41
Don't know,2016-10-24,0.3
Approve,2016-11-22,0.28
Disapprove,2016-11-22,0.45
Don't know,2016-11-22,0.27
Approve,2016-12-15,0.26
Disapprove,2016-12-15,0.49
Don't know,2016-12-15,0.25
Approve,2017-01-24,0.3
Disapprove,2017-01-24,0.39
Don't know,2017-01-24,0.31
Approve,2017-02-20,0.3
Disapprove,2017-02-20,0.43
Don't know,2017-02-20,0.28
Approve,2017-03-29,0.34
Disapprove,2017-03-29,0.41
Don't know,2017-03-29,0.25
Approve,2017-04-21,0.35
Disapprove,2017-04-21,0.41
Don't know,2017-04-21,0.23
Approve,2017-04-28,0.35
Disapprove,2017-04-28,0.43
Don't know,2017-04-28,0.22
Approve,2017-05-22,0.32
Disapprove,2017-05-22,0.47
Don't know,2017-05-22,0.21
Approve,2017-06-26,0.24
Disapprove,2017-06-26,0.53
Don't know,2017-06-26,0.24
Approve,2017-07-24,0.23
Disapprove,2017-07-24,0.53
Don't know,2017-07-24,0.24
Approve,2017-08-24,0.23
Disapprove,2017-08-24,0.51
Don't know,2017-08-24,0.26
Approve,2017-09-27,0.21
Disapprove,2017-09-27,0.53
Don't know,2017-09-27,0.26
Approve,2017-10-19,0.21
Disapprove,2017-10-19,0.52
Don't know,2017-10-19,0.27
Approve,2017-11-17,0.2
Disapprove,2017-11-17,0.55
Don't know,2017-11-17,0.25
Approve,2017-12-15,0.2
Disapprove,2017-12-15,0.49
Don't know,2017-12-15,0.31
Approve,2018-02-28,0.24
Disapprove,2018-02-28,0.52
Don't know,2018-02-28,0.24
Approve,2018-03-24,0.25
Disapprove,2018-03-24,0.48
Don't know,2018-03-24,0.26
Approve,2018-04-19,0.29
Disapprove,2018-04-19,0.45
Don't know,2018-04-19,0.26
Approve,2018-04-26,0.26
Disapprove,2018-04-26,0.48
Don't know,2018-04-26,0.26
Approve,2018-06-11,0.23
Disapprove,2018-06-11,0.49
Don't know,2018-06-11,0.28
Approve,2018-07-04,0.25
Disapprove,2018-07-04,0.38
Don't know,2018-07-04,0.37
Approve,2018-07-24,0.18
Disapprove,2018-07-24,0.56
Don't know,2018-07-24,0.26
Approve,2018-08-22,0.2
Disapprove,2018-08-22,0.52
Don't know,2018-08-22,0.28
Approve,2018-09-21,0.19
Disapprove,2018-09-21,0.57
Don't know,2018-09-21,0.24
Approve,2018-10-23,0.21
Disapprove,2018-10-23,0.51
Don't know,2018-10-23,0.28
Approve,2018-11-22,0.19
Disapprove,2018-11-22,0.55
Don't know,2018-11-22,0.26
Approve,2018-12-17,0.2
Disapprove,2018-12-17,0.57
Don't know,2018-12-17,0.23
Approve,2019-01-23,0.13
Disapprove,2019-01-23,0.6
Don't know,2019-01-23,0.26
Approve,2019-03-27,0.11
Disapprove,2019-03-27,0.67
Don't know,2019-03-27,0.22
Approve,2019-05-01,0.11
Disapprove,2019-05-01,0.66
Don't know,2019-05-01,0.24
Approve,2019-05-13,0.09
Disapprove,2019-05-13,0.72
Don't know,2019-05-13,0.2
Approve,2019-06-24,0.1
Disapprove,2019-06-24,0.71
Don't know,2019-06-24,0.18
Approve,2019-07-01,0.11
Disapprove,2019-07-01,0.7
Don't know,2019-07-01,0.19
Approve,2019-07-08,0.1
Disapprove,2019-07-08,0.69
Don't know,2019-07-08,0.22
Approve,2019-07-14,0.14
Disapprove,2019-07-14,0.69
Don't know,2019-07-14,0.17
Approve,2019-07-22,0.1
Disapprove,2019-07-22,0.69
Don't know,2019-07-22,0.21
Approve,2019-07-29,0.14
Disapprove,2019-07-29,0.63
Don't know,2019-07-29,0.22
Approve,2019-08-05,0.15
Disapprove,2019-08-05,0.62
Don't know,2019-08-05,0.23
Approve,2019-08-11,0.2
Disapprove,2019-08-11,0.62
Don't know,2019-08-11,0.18
Approve,2019-08-19,0.16
Disapprove,2019-08-19,0.62
Don't know,2019-08-19,0.21
Approve,2019-08-26,0.18
Disapprove,2019-08-26,0.59
Don't know,2019-08-26,0.23
Approve,2019-09-02,0.22
Disapprove,2019-09-02,0.57
Don't know,2019-09-02,0.21
Approve,2019-09-09,0.16
Disapprove,2019-09-09,0.66
Don't know,2019-09-09,0.18
Approve,2019-09-16,0.18
Disapprove,2019-09-16,0.66
Don't know,2019-09-16,0.16
Approve,2019-09-23,0.17
Disapprove,2019-09-23,0.64
Don't know,2019-09-23,0.18
Approve,2019-09-30,0.17
Disapprove,2019-09-30,0.64
Don't know,2019-09-30,0.19
Approve,2019-10-06,0.2
Disapprove,2019-10-06,0.61
Don't know,2019-10-06,0.19
Approve,2019-10-14,0.18
Disapprove,2019-10-14,0.6
Don't know,2019-10-14,0.23
Approve,2019-10-21,0.22
Disapprove,2019-10-21,0.56
Don't know,2019-10-21,0.22
Approve,2019-10-28,0.2
Disapprove,2019-10-28,0.58
Don't know,2019-10-28,0.22
Approve,2019-11-04,0.19
Disapprove,2019-11-04,0.62
Don't know,2019-11-04,0.19
Approve,2019-11-11,0.22
Disapprove,2019-11-11,0.59
Don't know,2019-11-11,0.19
Approve,2019-11-18,0.21
Disapprove,2019-11-18,0.59
Don't know,2019-11-18,0.19
Approve,2019-11-25,0.22
Disapprove,2019-11-25,0.58
Don't know,2019-11-25,0.19
Approve,2019-12-01,0.22
Disapprove,2019-12-01,0.59
Don't know,2019-12-01,0.19
Approve,2019-12-16,0.27
Disapprove,2019-12-16,0.53
Don't know,2019-12-16,0.2
Approve,2019-12-23,0.34
Disapprove,2019-12-23,0.46
Don't know,2019-12-23,0.21
Approve,2019-12-30,0.32
Disapprove,2019-12-30,0.44
Don't know,2019-12-30,0.24
Approve,2020-01-06,0.3
Disapprove,2020-01-06,0.45
Don't know,2020-01-06,0.25
Approve,2020-01-13,0.33
Disapprove,2020-01-13,0.42
Don't know,2020-01-13,0.24
Approve,2020-01-20,0.32
Disapprove,2020-01-20,0.45
Don't know,2020-01-20,0.23
Approve,2020-01-27,0.33
Disapprove,2020-01-27,0.41
Don't know,2020-01-27,0.25
Approve,2020-02-03,0.35
Disapprove,2020-02-03,0.42
Don't know,2020-02-03,0.23
Approve,2020-02-09,0.36
Disapprove,2020-02-09,0.42
Don't know,2020-02-09,0.23
Approve,2020-02-17,0.34
Disapprove,2020-02-17,0.39
Don't know,2020-02-17,0.27
Approve,2020-02-24,0.34
Disapprove,2020-02-24,0.41
Don't know,2020-02-24,0.25
Approve,2020-03-02,0.33
Disapprove,2020-03-02,0.41
Don't know,2020-03-02,0.26
Approve,2020-03-09,0.36
Disapprove,2020-03-09,0.37
Don't know,2020-03-09,0.27
Approve,2020-03-16,0.39
Disapprove,2020-03-16,0.35
Don't know,2020-03-16,0.26
Approve,2020-03-23,0.52
Disapprove,2020-03-23,0.27
Don't know,2020-03-23,0.21
Approve,2020-03-30,0.52
Disapprove,2020-03-30,0.26
Don't know,2020-03-30,0.21
Approve,2020-04-06,0.5
Disapprove,2020-04-06,0.29
Don't know,2020-04-06,0.2
Approve,2020-04-13,0.5
Disapprove,2020-04-13,0.28
Don't know,2020-04-13,0.22
Approve,2020-04-20,0.47
Disapprove,2020-04-20,0.32
Don't know,2020-04-20,0.21
Approve,2020-04-27,0.47
Disapprove,2020-04-27,0.33
Don't know,2020-04-27,0.2
Approve,2020-05-03,0.49
Disapprove,2020-05-03,0.3
Don't know,2020-05-03,0.2
Approve,2020-05-10,0.44
Disapprove,2020-05-10,0.37
Don't know,2020-05-10,0.19
Approve,2020-05-18,0.39
Disapprove,2020-05-18,0.42
Don't know,2020-05-18,0.19
Approve,2020-05-25,0.37
Disapprove,2020-05-25,0.42
Don't know,2020-05-25,0.21
Approve,2020-06-02,0.35
Disapprove,2020-06-02,0.44
Don't know,2020-06-02,0.21
Approve,2020-06-08,0.32
Disapprove,2020-06-08,0.49
Don't know,2020-06-08,0.2
Approve,2020-06-15,0.34
Disapprove,2020-06-15,0.46
Don't know,2020-06-15,0.2
Approve,2020-06-22,0.32
Disapprove,2020-06-22,0.48
Don't know,2020-06-22,0.2
Approve,2020-06-29,0.35
Disapprove,2020-06-29,0.45
Don't know,2020-06-29,0.21
Approve,2020-07-06,0.34
Disapprove,2020-07-06,0.46
Don't know,2020-07-06,0.19
Approve,2020-07-13,0.36
Disapprove,2020-07-13,0.44
Don't know,2020-07-13,0.2
Approve,2020-07-20,0.32
Disapprove,2020-07-20,0.45
Don't know,2020-07-20,0.23
Approve,2020-07-27,0.35
Disapprove,2020-07-27,0.45
Don't know,2020-07-27,0.19
Approve,2020-08-03,0.34
Disapprove,2020-08-03,0.47
Don't know,2020-08-03,0.19
Approve,2020-08-10,0.3
Disapprove,2020-08-10,0.48
Don't know,2020-08-10,0.22
Approve,2020-08-17,0.29
Disapprove,2020-08-17,0.49
Don't know,2020-08-17,0.22
Approve,2020-08-24,0.3
Disapprove,2020-08-24,0.49
Don't know,2020-08-24,0.22
Approve,2020-08-31,0.31
Disapprove,2020-08-31,0.47
Don't know,2020-08-31,0.22
Approve,2020-09-07,0.3
Disapprove,2020-09-07,0.5
Don't know,2020-09-07,0.2
Approve,2020-09-14,0.3
Disapprove,2020-09-14,0.51
Don't know,2020-09-14,0.2
Approve,2020-09-21,0.27
Disapprove,2020-09-21,0.52
Don't know,2020-09-21,0.21
Approve,2020-09-28,0.29
Disapprove,2020-09-28,0.51
Don't know,2020-09-28,0.2
Approve,2020-10-05,0.27
Disapprove,2020-10-05,0.55
Don't know,2020-10-05,0.18
Approve,2020-10-12,0.28
Disapprove,2020-10-12,0.53
Don't know,2020-10-12,0.19
Approve,2020-10-18,0.27
Disapprove,2020-10-18,0.54
Don't know,2020-10-18,0.19
Approve,2020-10-26,0.27
Disapprove,2020-10-26,0.56
Don't know,2020-10-26,0.17
Approve,2020-11-02,0.26
Disapprove,2020-11-02,0.56
Don't know,2020-11-02,0.18
Approve,2020-11-09,0.28
Disapprove,2020-11-09,0.53
Don't know,2020-11-09,0.19
Approve,2020-11-15,0.28
Disapprove,2020-11-15,0.49
Don't know,2020-11-15,0.23
Approve,2020-11-23,0.27
Disapprove,2020-11-23,0.52
Don't know,2020-11-23,0.21
Approve,2020-11-30,0.28
Disapprove,2020-11-30,0.52
Don't know,2020-11-30,0.2
Approve,2020-12-07,0.27
Disapprove,2020-12-07,0.53
Don't know,2020-12-07,0.2
Approve,2020-12-14,0.28
Disapprove,2020-12-14,0.5
Don't know,2020-12-14,0.22
Approve,2020-12-20,0.27
Disapprove,2020-12-20,0.53
Don't know,2020-12-20,0.21
Approve,2020-12-28,0.31
Disapprove,2020-12-28,0.48
Don't know,2020-12-28,0.21
Approve,2021-01-04,0.32
Disapprove,2021-01-04,0.49
Don't know,2021-01-04,0.19
Approve,2021-01-11,0.31
Disapprove,2021-01-11,0.5
Don't know,2021-01-11,0.19
Approve,2021-01-18,0.29
Disapprove,2021-01-18,0.52
Don't know,2021-01-18,0.19
Approve,2021-01-25,0.3
Disapprove,2021-01-25,0.5
Don't know,2021-01-25,0.2
Approve,2021-02-01,0.32
Disapprove,2021-02-01,0.49
Don't know,2021-02-01,0.19
Approve,2021-02-08,0.33
Disapprove,2021-02-08,0.48
Don't know,2021-02-08,0.19
Approve,2021-02-15,0.3
Disapprove,2021-02-15,0.49
Don't know,2021-02-15,0.21
Approve,2021-02-22,0.35
Disapprove,2021-02-22,0.47
Don't know,2021-02-22,0.18
Approve,2021-03-01,0.36
Disapprove,2021-03-01,0.43
Don't know,2021-03-01,0.21
Approve,2021-03-08,0.35
Disapprove,2021-03-08,0.44
Don't know,2021-03-08,0.22
Approve,2021-03-15,0.37
Disapprove,2021-03-15,0.44
Don't know,2021-03-15,0.19
Approve,2021-03-22,0.37
Disapprove,2021-03-22,0.42
Don't know,2021-03-22,0.21
Approve,2021-03-29,0.35
Disapprove,2021-03-29,0.44
Don't know,2021-03-29,0.21
Approve,2021-04-05,0.36
Disapprove,2021-04-05,0.42
Don't know,2021-04-05,0.22
Approve,2021-04-12,0.38
Disapprove,2021-04-12,0.4
Don't know,2021-04-12,0.22
Approve,2021-04-19,0.37
Disapprove,2021-04-19,0.43
Don't know,2021-04-19,0.2
Approve,2021-04-26,0.36
Disapprove,2021-04-26,0.43
Don't know,2021-04-26,0.22
Approve,2021-05-03,0.38
Disapprove,2021-05-03,0.42
Don't know,2021-05-03,0.2
Approve,2021-05-10,0.4
Disapprove,2021-05-10,0.39
Don't know,2021-05-10,0.21
Approve,2021-05-17,0.39
Disapprove,2021-05-17,0.4
Don't know,2021-05-17,0.21
Approve,2021-05-24,0.38
Disapprove,2021-05-24,0.44
Don't know,2021-05-24,0.17
Approve,2021-05-31,0.36
Disapprove,2021-05-31,0.45
Don't know,2021-05-31,0.19
Approve,2021-06-07,0.37
Disapprove,2021-06-07,0.43
Don't know,2021-06-07,0.2
Approve,2021-06-14,0.36
Disapprove,2021-06-14,0.46
Don't know,2021-06-14,0.18
Approve,2021-06-21,0.33
Disapprove,2021-06-21,0.48
Don't know,2021-06-21,0.19
Approve,2021-06-28,0.32
Disapprove,2021-06-28,0.47
Don't know,2021-06-28,0.21
Approve,2021-07-05,0.32
Disapprove,2021-07-05,0.49
Don't know,2021-07-05,0.19
Approve,2021-07-12,0.33
Disapprove,2021-07-12,0.48
Don't know,2021-07-12,0.2
Approve,2021-07-19,0.31
Disapprove,2021-07-19,0.49
Don't know,2021-07-19,0.2
Approve,2021-07-26,0.29
Disapprove,2021-07-26,0.51
Don't know,2021-07-26,0.2
Approve,2021-08-02,0.31
Disapprove,2021-08-02,0.49
Don't know,2021-08-02,0.21
Approve,2021-08-09,0.31
Disapprove,2021-08-09,0.47
Don't know,2021-08-09,0.22
Approve,2021-08-16,0.29
Disapprove,2021-08-16,0.47
Don't know,2021-08-16,0.24
Approve,2021-08-23,0.27
Disapprove,2021-08-23,0.5
Don't know,2021-08-23,0.23
Approve,2021-08-29,0.27
Disapprove,2021-08-29,0.5
Don't know,2021-08-29,0.23
Approve,2021-09-06,0.27
Disapprove,2021-09-06,0.49
Don't know,2021-09-06,0.24
Approve,2021-09-12,0.26
Disapprove,2021-09-12,0.53
Don't know,2021-09-12,0.21
Approve,2021-09-19,0.29
Disapprove,2021-09-19,0.49
Don't know,2021-09-19,0.22
Approve,2021-09-26,0.26
Disapprove,2021-09-26,0.54
Don't know,2021-09-26,0.19
Approve,2021-10-04,0.25
Disapprove,2021-10-04,0.53
Don't know,2021-10-04,0.21
Approve,2021-10-11,0.28
Disapprove,2021-10-11,0.52
Don't know,2021-10-11,0.2
Approve,2021-10-18,0.26
Disapprove,2021-10-18,0.52
Don't know,2021-10-18,0.21
Approve,2021-10-25,0.25
Disapprove,2021-10-25,0.54
Don't know,2021-10-25,0.21
Approve,2021-11-01,0.26
Disapprove,2021-11-01,0.51
Don't know,2021-11-01,0.22
Approve,2021-11-07,0.23
Disapprove,2021-11-07,0.55
Don't know,2021-11-07,0.23
Approve,2021-11-15,0.23
Disapprove,2021-11-15,0.55
Don't know,2021-11-15,0.22
Approve,2021-11-22,0.22
Disapprove,2021-11-22,0.56
Don't know,2021-11-22,0.22
Approve,2021-11-29,0.25
Disapprove,2021-11-29,0.54
Don't know,2021-11-29,0.21
Approve,2021-12-05,0.26
Disapprove,2021-12-05,0.53
Don't know,2021-12-05,0.21
Approve,2021-12-13,0.2
Disapprove,2021-12-13,0.63
Don't know,2021-12-13,0.17
Approve,2021-12-20,0.22
Disapprove,2021-12-20,0.6
Don't know,2021-12-20,0.18
Approve,2021-12-27,0.24
Disapprove,2021-12-27,0.57
Don't know,2021-12-27,0.19
Approve,2022-01-02,0.24
Disapprove,2022-01-02,0.56
Don't know,2022-01-02,0.2
Approve,2022-01-10,0.23
Disapprove,2022-01-10,0.56
Don't know,2022-01-10,0.2
Approve,2022-01-17,0.2
Disapprove,2022-01-17,0.63
Don't know,2022-01-17,0.17
Approve,2022-01-24,0.23
Disapprove,2022-01-24,0.59
Don't know,2022-01-24,0.17
Approve,2022-01-31,0.23
Disapprove,2022-01-31,0.6
Don't know,2022-01-31,0.17
Approve,2022-02-06,0.18
Disapprove,2022-02-06,0.63
Don't know,2022-02-06,0.18
Approve,2022-02-13,0.21
Disapprove,2022-02-13,0.6
Don't know,2022-02-13,0.19
Approve,2022-02-21,0.21
Disapprove,2022-02-21,0.6
Don't know,2022-02-21,0.19
Approve,2022-02-28,0.25
Disapprove,2022-02-28,0.55
Don't know,2022-02-28,0.2
Approve,2022-03-07,0.24
Disapprove,2022-03-07,0.55
Don't know,2022-03-07,0.21
Approve,2022-03-14,0.23
Disapprove,2022-03-14,0.55
Don't know,2022-03-14,0.22
Approve,2022-03-20,0.25
Disapprove,2022-03-20,0.53
Don't know,2022-03-20,0.22
Approve,2022-03-28,0.25
Disapprove,2022-03-28,0.53
Don't know,2022-03-28,0.22
Approve,2022-04-04,0.21
Disapprove,2022-04-04,0.59
Don't know,2022-04-04,0.2
Approve,2022-04-11,0.23
Disapprove,2022-04-11,0.57
Don't know,2022-04-11,0.2
Approve,2022-04-18,0.22
Disapprove,2022-04-18,0.6
Don't know,2022-04-18,0.18
Approve,2022-04-24,0.23
Disapprove,2022-04-24,0.59
Don't know,2022-04-24,0.18
Approve,2022-05-02,0.21
Disapprove,2022-05-02,0.62
Don't know,2022-05-02,0.17
Approve,2022-05-08,0.22
Disapprove,2022-05-08,0.61
Don't know,2022-05-08,0.17
Approve,2022-05-16,0.21
Disapprove,2022-05-16,0.61
Don't know,2022-05-16,0.18
Approve,2022-05-22,0.22
Disapprove,2022-05-22,0.58
Don't know,2022-05-22,0.2
Approve,2022-05-29,0.22
Disapprove,2022-05-29,0.6
Don't know,2022-05-29,0.18
Approve,2022-06-06,0.21
Disapprove,2022-06-06,0.6
Don't know,2022-06-06,0.19
Approve,2022-06-13,0.22
Disapprove,2022-06-13,0.6
Don't know,2022-06-13,0.18
Approve,2022-06-19,0.21
Disapprove,2022-06-19,0.59
Don't know,2022-06-19,0.2
Approve,2022-06-27,0.22
Disapprove,2022-06-27,0.6
Don't know,2022-06-27,0.18
Approve,2022-07-03,0.19
Disapprove,2022-07-03,0.62
Don't know,2022-07-03,0.18
Approve,2022-07-11,0.2
Disapprove,2022-07-11,0.64
Don't know,2022-07-11,0.16
Approve,2022-07-17,0.2
Disapprove,2022-07-17,0.62
Don't know,2022-07-17,0.18
Approve,2022-07-25,0.21
Disapprove,2022-07-25,0.61
Don't know,2022-07-25,0.18
Approve,2022-07-31,0.21
Disapprove,2022-07-31,0.6
Don't know,2022-07-31,0.19
Approve,2022-08-08,0.18
Disapprove,2022-08-08,0.62
Don't know,2022-08-08,0.2
Approve,2022-08-15,0.18
Disapprove,2022-08-15,0.64
Don't know,2022-08-15,0.17
Approve,2022-08-22,0.18
Disapprove,2022-08-22,0.65
Don't know,2022-08-22,0.18
Approve,2022-08-29,0.17
Disapprove,2022-08-29,0.65
Don't know,2022-08-29,0.18
Approve,2022-09-05,0.18
Disapprove,2022-09-05,0.64
Don't know,2022-09-05,0.18
Approve,2022-09-12,0.21
Disapprove,2022-09-12,0.58
Don't know,2022-09-12,0.2
Approve,2022-09-25,0.17
Disapprove,2022-09-25,0.62
Don't know,2022-09-25,0.21
Approve,2022-10-02,0.11
Disapprove,2022-10-02,0.72
Don't know,2022-10-02,0.17
Approve,2022-10-09,0.13
Disapprove,2022-10-09,0.7
Don't know,2022-10-09,0.17
Approve,2022-10-17,0.07
Disapprove,2022-10-17,0.77
Don't know,2022-10-17,0.16
Approve,2022-10-23,0.06
Disapprove,2022-10-23,0.82
Don't know,2022-10-23,0.12
Approve,2022-10-31,0.11
Disapprove,2022-10-31,0.72
Don't know,2022-10-31,0.17
Approve,2022-11-07,0.12
Disapprove,2022-11-07,0.7
Don't know,2022-11-07,0.18
Approve,2022-11-14,0.11
Disapprove,2022-11-14,0.69
Don't know,2022-11-14,0.2
Approve,2022-11-21,0.13
Disapprove,2022-11-21,0.7
Don't know,2022-11-21,0.17
Approve,2022-11-28,0.13
Disapprove,2022-11-28,0.67
Don't know,2022-11-28,0.2
Approve,2022-12-05,0.11
Disapprove,2022-12-05,0.68
Don't know,2022-12-05,0.2
Approve,2022-12-12,0.15
Disapprove,2022-12-12,0.64
Don't know,2022-12-12,0.21
Approve,2022-12-19,0.13
Disapprove,2022-12-19,0.69
Don't know,2022-12-19,0.19
Approve,2022-12-26,0.16
Disapprove,2022-12-26,0.64
Don't know,2022-12-26,0.2
Approve,2023-01-01,0.13
Disapprove,2023-01-01,0.65
Don't know,2023-01-01,0.22
Approve,2023-01-09,0.13
Disapprove,2023-01-09,0.68
Don't know,2023-01-09,0.18
Approve,2023-01-15,0.13
Disapprove,2023-01-15,0.65
Don't know,2023-01-15,0.22
Approve,2023-01-23,0.14
Disapprove,2023-01-23,0.65
Don't know,2023-01-23,0.21
Approve,2023-01-30,0.12
Disapprove,2023-01-30,0.7
Don't know,2023-01-30,0.18
Approve,2023-02-06,0.13
Disapprove,2023-02-06,0.68
Don't know,2023-02-06,0.18
Approve,2023-02-13,0.12
Disapprove,2023-02-13,0.7
Don't know,2023-02-13,0.18
Approve,2023-02-20,0.14
Disapprove,2023-02-20,0.66
Don't know,2023-02-20,0.2
Approve,2023-02-26,0.15
Disapprove,2023-02-26,0.66
Don't know,2023-02-26,0.2
Approve,2023-03-06,0.15
Disapprove,2023-03-06,0.65
Don't know,2023-03-06,0.2
Approve,2023-03-20,0.17
Disapprove,2023-03-20,0.64
Don't know,2023-03-20,0.18
Approve,2023-03-27,0.15
Disapprove,2023-03-27,0.65
Don't know,2023-03-27,0.2
Approve,2023-04-03,0.16
Disapprove,2023-04-03,0.63
Don't know,2023-04-03,0.2
Approve,2023-04-10,0.17
Disapprove,2023-04-10,0.63
Don't know,2023-04-10,0.2
Approve,2023-04-17,0.17
Disapprove,2023-04-17,0.62
Don't know,2023-04-17,0.21
Approve,2023-04-24,0.17
Disapprove,2023-04-24,0.64
Don't know,2023-04-24,0.19
Approve,2023-05-01,0.17
Disapprove,2023-05-01,0.62
Don't know,2023-05-01,0.21
Approve,2023-05-08,0.2
Disapprove,2023-05-08,0.62
Don't know,2023-05-08,0.19
Approve,2023-05-15,0.17
Disapprove,2023-05-15,0.63
Don't know,2023-05-15,0.2
Approve,2023-05-21,0.18
Disapprove,2023-05-21,0.6
Don't know,2023-05-21,0.22
Approve,2023-05-28,0.15
Disapprove,2023-05-28,0.65
Don't know,2023-05-28,0.19
Approve,2023-06-05,0.19
Disapprove,2023-06-05,0.59
Don't know,2023-06-05,0.22
Approve,2023-06-12,0.18
Disapprove,2023-06-12,0.64
Don't know,2023-06-12,0.18
Approve,2023-06-19,0.15
Disapprove,2023-06-19,0.65
Don't know,2023-06-19,0.2
Approve,2023-06-26,0.14
Disapprove,2023-06-26,0.66
Don't know,2023-06-26,0.2
Approve,2023-07-03,0.13
Disapprove,2023-07-03,0.67
Don't know,2023-07-03,0.2
Approve,2023-07-10,0.13
Disapprove,2023-07-10,0.67
Don't know,2023-07-10,0.2
Approve,2023-07-17,0.13
Disapprove,2023-07-17,0.69
Don't know,2023-07-17,0.18
Approve,2023-07-24,0.14
Disapprove,2023-07-24,0.68
Don't know,2023-07-24,0.18
Approve,2023-07-31,0.14
Disapprove,2023-07-31,0.66
Don't know,2023-07-31,0.2
Approve,2023-08-07,0.14
Disapprove,2023-08-07,0.68
Don't know,2023-08-07,0.18
Approve,2023-08-14,0.15
Disapprove,2023-08-14,0.66
Don't know,2023-08-14,0.19
Approve,2023-08-21,0.13
Disapprove,2023-08-21,0.66
Don't know,2023-08-21,0.21
Approve,2023-08-28,0.14
Disapprove,2023-08-28,0.66
Don't know,2023-08-28,0.19
Approve,2023-09-04,0.13
Disapprove,2023-09-04,0.69
Don't know,2023-09-04,0.18
Approve,2023-09-11,0.13
Disapprove,2023-09-11,0.7
Don't know,2023-09-11,0.17
Approve,2023-09-18,0.13
Disapprove,2023-09-18,0.69
Don't know,2023-09-18,0.18
Approve,2023-09-25,0.17
Disapprove,2023-09-25,0.64
Don't know,2023-09-25,0.19
Approve,2023-10-02,0.13
Disapprove,2023-10-02,0.67
Don't know,2023-10-02,0.2
Approve,2023-10-09,0.12
Disapprove,2023-10-09,0.69
Don't know,2023-10-09,0.18
Approve,2023-10-16,0.16
Disapprove,2023-10-16,0.65
Don't know,2023-10-16,0.2
Approve,2023-10-23,0.14
Disapprove,2023-10-23,0.67
Don't know,2023-10-23,0.18
Approve,2023-10-30,0.15
Disapprove,2023-10-30,0.67
Don't know,2023-10-30,0.18
Approve,2023-11-06,0.14
Disapprove,2023-11-06,0.66
Don't know,2023-11-06,0.19
Approve,2023-11-13,0.14
Disapprove,2023-11-13,0.66
Don't know,2023-11-13,0.21
Approve,2023-11-20,0.13
Disapprove,2023-11-20,0.7
Don't know,2023-11-20,0.17
Approve,2023-11-27,0.14
Disapprove,2023-11-27,0.68
Don't know,2023-11-27,0.17
Approve,2023-12-04,0.14
Disapprove,2023-12-04,0.66
Don't know,2023-12-04,0.19
Approve,2023-12-11,0.12
Disapprove,2023-12-11,0.7
Don't know,2023-12-11,0.18
Approve,2023-12-18,0.14
Disapprove,2023-12-18,0.67
Don't know,2023-12-18,0.18
Approve,2023-12-24,0.14
Disapprove,2023-12-24,0.66
Don't know,2023-12-24,0.2
Approve,2024-01-01,0.15
Disapprove,2024-01-01,0.65
Don't know,2024-01-01,0.19
Approve,2024-01-07,0.15
Disapprove,2024-01-07,0.66
Don't know,2024-01-07,0.19
Approve,2024-01-15,0.14
Disapprove,2024-01-15,0.66
Don't know,2024-01-15,0.19
Approve,2024-01-22,0.14
Disapprove,2024-01-22,0.66
Don't know,2024-01-22,0.2
Approve,2024-01-29,0.15
Disapprove,2024-01-29,0.65
Don't know,2024-01-29,0.2
Approve,2024-02-05,0.16
Disapprove,2024-02-05,0.64
Don't know,2024-02-05,0.2
Approve,2024-02-11,0.17
Disapprove,2024-02-11,0.64
Don't know,2024-02-11,0.19
Approve,2024-02-19,0.14
Disapprove,2024-02-19,0.68
Don't know,2024-02-19,0.18
Approve,2024-02-26,0.16
Disapprove,2024-02-26,0.65
Don't know,2024-02-26,0.19
Approve,2024-03-04,0.16
Disapprove,2024-03-04,0.67
Don't know,2024-03-04,0.17
Approve,2024-03-11,0.14
Disapprove,2024-03-11,0.7
Don't know,2024-03-11,0.17
Approve,2024-03-18,0.13
Disapprove,2024-03-18,0.7
Don't know,2024-03-18,0.17
Approve,2024-03-25,0.13
Disapprove,2024-03-25,0.68
Don't know,2024-03-25,0.18
Approve,2024-04-01,0.13
Disapprove,2024-04-01,0.69
Don't know,2024-04-01,0.18
Approve,2024-04-08,0.13
Disapprove,2024-04-08,0.69
Don't know,2024-04-08,0.18
Approve,2024-04-16,0.15
Disapprove,2024-04-16,0.68
Don't know,2024-04-16,0.18
Approve,2024-04-22,0.13
Disapprove,2024-04-22,0.66
Don't know,2024-04-22,0.2
Approve,2024-04-28,0.17
Disapprove,2024-04-28,0.65
Don't know,2024-04-28,0.18
Approve,2024-05-06,0.14
Disapprove,2024-05-06,0.7
Don't know,2024-05-06,0.16
Approve,2024-05-13,0.15
Disapprove,2024-05-13,0.69
Don't know,2024-05-13,0.17
Approve,2024-05-20,0.15
Disapprove,2024-05-20,0.68
Don't know,2024-05-20,0.17
Approve,2024-05-27,0.15
Disapprove,2024-05-27,0.68
Don't know,2024-05-27,0.17
Approve,2024-06-02,0.15
Disapprove,2024-06-02,0.68
Don't know,2024-06-02,0.17
Approve,2024-06-10,0.14
Disapprove,2024-06-10,0.71
Don't know,2024-06-10,0.15
Approve,2024-06-17,0.12
Disapprove,2024-06-17,0.72
Don't know,2024-06-17,0.16
Approve,2024-06-24,0.12
Disapprove,2024-06-24,0.74
Don't know,2024-06-24,0.14
Approve,2024-07-01,0.15
Disapprove,2024-07-01,0.71
Don't know,2024-07-01,0.14
Approve,2024-07-22,0.28
Disapprove,2024-07-22,0.32
Don't know,2024-07-22,0.4
Approve,2024-07-29,0.29
Disapprove,2024-07-29,0.31
Don't know,2024-07-29,0.4
Approve,2024-08-19,0.26
Disapprove,2024-08-19,0.47
Don't know,2024-08-19,0.27
Approve,2024-08-26,0.23
Disapprove,2024-08-26,0.51
Don't know,2024-08-26,0.26
Approve,2024-09-02,0.23
Disapprove,2024-09-02,0.5
Don't know,2024-09-02,0.27
Approve,2024-09-09,0.19
Disapprove,2024-09-09,0.55
Don't know,2024-09-09,0.26
Approve,2024-09-16,0.23
Disapprove,2024-09-16,0.53
Don't know,2024-09-16,0.24
Approve,2024-09-22,0.21
Disapprove,2024-09-22,0.56
Don't know,2024-09-22,0.23
Approve,2024-09-30,0.18
Disapprove,2024-09-30,0.57
Don't know,2024-09-30,0.25
Approve,2024-10-07,0.18
Disapprove,2024-10-07,0.59
Don't know,2024-10-07,0.23
Approve,2024-10-14,0.18
Disapprove,2024-10-14,0.59
Don't know,2024-10-14,0.23
Approve,2024-10-21,0.19
Disapprove,2024-10-21,0.59
Don't know,2024-10-21,0.22
Approve,2024-10-28,0.2
Disapprove,2024-10-28,0.59
Don't know,2024-10-28,0.22
Approve,2024-11-04,0.21
Disapprove,2024-11-04,0.55
Don't know,2024-11-04,0.24
Approve,2024-11-11,0.2
Disapprove,2024-11-11,0.58
Don't know,2024-11-11,0.22
Approve,2024-11-18,0.2
Disapprove,2024-11-18,0.56
Don't know,2024-11-18,0.25
Approve,2024-11-25,0.19
Disapprove,2024-11-25,0.58
Don't know,2024-11-25,0.23
Approve,2024-12-02,0.22
Disapprove,2024-12-02,0.58
Don't know,2024-12-02,0.2
